Date,Cured,Confirmed,Deaths,mortal_rate,cured_rate,confirmation_increase_rate,cured_increase_rate,Kerala_con,Kerala_death,Kerala_rec,Telengana_con,Telengana_death,Telengana_rec,Delhi_con,Delhi_death,Delhi_rec,Rajasthan_con,Rajasthan_death,Rajasthan_rec,Uttar Pradesh_con,Uttar Pradesh_death,Uttar Pradesh_rec,Haryana_con,Haryana_death,Haryana_rec,Ladakh_con,Ladakh_death,Ladakh_rec,Tamil Nadu_con,Tamil Nadu_death,Tamil Nadu_rec,Karnataka_con,Karnataka_death,Karnataka_rec,Maharashtra_con,Maharashtra_death,Maharashtra_rec,Punjab_con,Punjab_death,Punjab_rec,Jammu and Kashmir_con,Jammu and Kashmir_death,Jammu and Kashmir_rec,Andhra Pradesh_con,Andhra Pradesh_death,Andhra Pradesh_rec,Uttarakhand_con,Uttarakhand_death,Uttarakhand_rec,Odisha_con,Odisha_death,Odisha_rec,Puducherry_con,Puducherry_death,Puducherry_rec,West Bengal_con,West Bengal_death,West Bengal_rec,Chhattisgarh_con,Chhattisgarh_death,Chhattisgarh_rec,Chandigarh_con,Chandigarh_death,Chandigarh_rec,Gujarat_con,Gujarat_death,Gujarat_rec,Himachal Pradesh_con,Himachal Pradesh_death,Himachal Pradesh_rec,Madhya Pradesh_con,Madhya Pradesh_death,Madhya Pradesh_rec,Bihar_con,Bihar_death,Bihar_rec,Manipur_con,Manipur_death,Manipur_rec,Mizoram_con,Mizoram_death,Mizoram_rec,Andaman and Nicobar Islands_con,Andaman and Nicobar Islands_death,Andaman and Nicobar Islands_rec,Goa_con,Goa_death,Goa_rec,Unassigned_con,Unassigned_death,Unassigned_rec,Assam_con,Assam_death,Assam_rec,Jharkhand_con,Jharkhand_death,Jharkhand_rec,Arunachal Pradesh_con,Arunachal Pradesh_death,Arunachal Pradesh_rec,Tripura_con,Tripura_death,Tripura_rec,Nagaland_con,Nagaland_death,Nagaland_rec,Meghalaya_con,Meghalaya_death,Meghalaya_rec,Dadar Nagar Haveli_con,Dadar Nagar Haveli_death,Dadar Nagar Haveli_rec,Cases being reassigned to states_con,Cases being reassigned to states_death,Cases being reassigned to states_rec,Sikkim_con,Sikkim_death,Sikkim_rec,active_cases,index
30/01/20,0,1,0,0.0,0.0,0.0,0.0,1,0,0,0,0,0,0,0,0,0,0,0,0,0,0,0,0,0,0,0,0,0,0,0,0,0,0,0,0,0,0,0,0,0,0,0,0,0,0,0,0,0,0,0,0,0,0,0,0,0,0,0,0,0,0,0,0,0,0,0,0,0,0,0,0,0,0,0,0,0,0,0,0,0,0,0,0,0,0,0,0,0,0,0,0,0,0,0,0,0,0,0,0,0,0,0,0,0,0,0,0,0,0,0,0,0,0,0,0,0,0,1,0
31/01/20,0,1,0,0.0,0.0,0.0,0.0,1,0,0,0,0,0,0,0,0,0,0,0,0,0,0,0,0,0,0,0,0,0,0,0,0,0,0,0,0,0,0,0,0,0,0,0,0,0,0,0,0,0,0,0,0,0,0,0,0,0,0,0,0,0,0,0,0,0,0,0,0,0,0,0,0,0,0,0,0,0,0,0,0,0,0,0,0,0,0,0,0,0,0,0,0,0,0,0,0,0,0,0,0,0,0,0,0,0,0,0,0,0,0,0,0,0,0,0,0,0,0,1,1
01/02/20,0,2,0,0.0,0.0,0.5,0.0,2,0,0,0,0,0,0,0,0,0,0,0,0,0,0,0,0,0,0,0,0,0,0,0,0,0,0,0,0,0,0,0,0,0,0,0,0,0,0,0,0,0,0,0,0,0,0,0,0,0,0,0,0,0,0,0,0,0,0,0,0,0,0,0,0,0,0,0,0,0,0,0,0,0,0,0,0,0,0,0,0,0,0,0,0,0,0,0,0,0,0,0,0,0,0,0,0,0,0,0,0,0,0,0,0,0,0,0,0,0,0,2,2
02/02/20,0,3,0,0.0,0.0,0.33333333333333304,0.0,3,0,0,0,0,0,0,0,0,0,0,0,0,0,0,0,0,0,0,0,0,0,0,0,0,0,0,0,0,0,0,0,0,0,0,0,0,0,0,0,0,0,0,0,0,0,0,0,0,0,0,0,0,0,0,0,0,0,0,0,0,0,0,0,0,0,0,0,0,0,0,0,0,0,0,0,0,0,0,0,0,0,0,0,0,0,0,0,0,0,0,0,0,0,0,0,0,0,0,0,0,0,0,0,0,0,0,0,0,0,0,3,3
03/02/20,0,3,0,0.0,0.0,0.0,0.0,3,0,0,0,0,0,0,0,0,0,0,0,0,0,0,0,0,0,0,0,0,0,0,0,0,0,0,0,0,0,0,0,0,0,0,0,0,0,0,0,0,0,0,0,0,0,0,0,0,0,0,0,0,0,0,0,0,0,0,0,0,0,0,0,0,0,0,0,0,0,0,0,0,0,0,0,0,0,0,0,0,0,0,0,0,0,0,0,0,0,0,0,0,0,0,0,0,0,0,0,0,0,0,0,0,0,0,0,0,0,0,3,4
04/02/20,0,3,0,0.0,0.0,0.0,0.0,3,0,0,0,0,0,0,0,0,0,0,0,0,0,0,0,0,0,0,0,0,0,0,0,0,0,0,0,0,0,0,0,0,0,0,0,0,0,0,0,0,0,0,0,0,0,0,0,0,0,0,0,0,0,0,0,0,0,0,0,0,0,0,0,0,0,0,0,0,0,0,0,0,0,0,0,0,0,0,0,0,0,0,0,0,0,0,0,0,0,0,0,0,0,0,0,0,0,0,0,0,0,0,0,0,0,0,0,0,0,0,3,5
05/02/20,0,3,0,0.0,0.0,0.0,0.0,3,0,0,0,0,0,0,0,0,0,0,0,0,0,0,0,0,0,0,0,0,0,0,0,0,0,0,0,0,0,0,0,0,0,0,0,0,0,0,0,0,0,0,0,0,0,0,0,0,0,0,0,0,0,0,0,0,0,0,0,0,0,0,0,0,0,0,0,0,0,0,0,0,0,0,0,0,0,0,0,0,0,0,0,0,0,0,0,0,0,0,0,0,0,0,0,0,0,0,0,0,0,0,0,0,0,0,0,0,0,0,3,6
06/02/20,0,3,0,0.0,0.0,0.0,0.0,3,0,0,0,0,0,0,0,0,0,0,0,0,0,0,0,0,0,0,0,0,0,0,0,0,0,0,0,0,0,0,0,0,0,0,0,0,0,0,0,0,0,0,0,0,0,0,0,0,0,0,0,0,0,0,0,0,0,0,0,0,0,0,0,0,0,0,0,0,0,0,0,0,0,0,0,0,0,0,0,0,0,0,0,0,0,0,0,0,0,0,0,0,0,0,0,0,0,0,0,0,0,0,0,0,0,0,0,0,0,0,3,7
07/02/20,0,3,0,0.0,0.0,0.0,0.0,3,0,0,0,0,0,0,0,0,0,0,0,0,0,0,0,0,0,0,0,0,0,0,0,0,0,0,0,0,0,0,0,0,0,0,0,0,0,0,0,0,0,0,0,0,0,0,0,0,0,0,0,0,0,0,0,0,0,0,0,0,0,0,0,0,0,0,0,0,0,0,0,0,0,0,0,0,0,0,0,0,0,0,0,0,0,0,0,0,0,0,0,0,0,0,0,0,0,0,0,0,0,0,0,0,0,0,0,0,0,0,3,8
08/02/20,0,3,0,0.0,0.0,0.0,0.0,3,0,0,0,0,0,0,0,0,0,0,0,0,0,0,0,0,0,0,0,0,0,0,0,0,0,0,0,0,0,0,0,0,0,0,0,0,0,0,0,0,0,0,0,0,0,0,0,0,0,0,0,0,0,0,0,0,0,0,0,0,0,0,0,0,0,0,0,0,0,0,0,0,0,0,0,0,0,0,0,0,0,0,0,0,0,0,0,0,0,0,0,0,0,0,0,0,0,0,0,0,0,0,0,0,0,0,0,0,0,0,3,9
09/02/20,0,3,0,0.0,0.0,0.0,0.0,3,0,0,0,0,0,0,0,0,0,0,0,0,0,0,0,0,0,0,0,0,0,0,0,0,0,0,0,0,0,0,0,0,0,0,0,0,0,0,0,0,0,0,0,0,0,0,0,0,0,0,0,0,0,0,0,0,0,0,0,0,0,0,0,0,0,0,0,0,0,0,0,0,0,0,0,0,0,0,0,0,0,0,0,0,0,0,0,0,0,0,0,0,0,0,0,0,0,0,0,0,0,0,0,0,0,0,0,0,0,0,3,10
10/02/20,0,3,0,0.0,0.0,0.0,0.0,3,0,0,0,0,0,0,0,0,0,0,0,0,0,0,0,0,0,0,0,0,0,0,0,0,0,0,0,0,0,0,0,0,0,0,0,0,0,0,0,0,0,0,0,0,0,0,0,0,0,0,0,0,0,0,0,0,0,0,0,0,0,0,0,0,0,0,0,0,0,0,0,0,0,0,0,0,0,0,0,0,0,0,0,0,0,0,0,0,0,0,0,0,0,0,0,0,0,0,0,0,0,0,0,0,0,0,0,0,0,0,3,11
11/02/20,0,3,0,0.0,0.0,0.0,0.0,3,0,0,0,0,0,0,0,0,0,0,0,0,0,0,0,0,0,0,0,0,0,0,0,0,0,0,0,0,0,0,0,0,0,0,0,0,0,0,0,0,0,0,0,0,0,0,0,0,0,0,0,0,0,0,0,0,0,0,0,0,0,0,0,0,0,0,0,0,0,0,0,0,0,0,0,0,0,0,0,0,0,0,0,0,0,0,0,0,0,0,0,0,0,0,0,0,0,0,0,0,0,0,0,0,0,0,0,0,0,0,3,12
12/02/20,0,3,0,0.0,0.0,0.0,0.0,3,0,0,0,0,0,0,0,0,0,0,0,0,0,0,0,0,0,0,0,0,0,0,0,0,0,0,0,0,0,0,0,0,0,0,0,0,0,0,0,0,0,0,0,0,0,0,0,0,0,0,0,0,0,0,0,0,0,0,0,0,0,0,0,0,0,0,0,0,0,0,0,0,0,0,0,0,0,0,0,0,0,0,0,0,0,0,0,0,0,0,0,0,0,0,0,0,0,0,0,0,0,0,0,0,0,0,0,0,0,0,3,13
13/02/20,0,3,0,0.0,0.0,0.0,0.0,3,0,0,0,0,0,0,0,0,0,0,0,0,0,0,0,0,0,0,0,0,0,0,0,0,0,0,0,0,0,0,0,0,0,0,0,0,0,0,0,0,0,0,0,0,0,0,0,0,0,0,0,0,0,0,0,0,0,0,0,0,0,0,0,0,0,0,0,0,0,0,0,0,0,0,0,0,0,0,0,0,0,0,0,0,0,0,0,0,0,0,0,0,0,0,0,0,0,0,0,0,0,0,0,0,0,0,0,0,0,0,3,14
14/02/20,0,3,0,0.0,0.0,0.0,0.0,3,0,0,0,0,0,0,0,0,0,0,0,0,0,0,0,0,0,0,0,0,0,0,0,0,0,0,0,0,0,0,0,0,0,0,0,0,0,0,0,0,0,0,0,0,0,0,0,0,0,0,0,0,0,0,0,0,0,0,0,0,0,0,0,0,0,0,0,0,0,0,0,0,0,0,0,0,0,0,0,0,0,0,0,0,0,0,0,0,0,0,0,0,0,0,0,0,0,0,0,0,0,0,0,0,0,0,0,0,0,0,3,15
15/02/20,0,3,0,0.0,0.0,0.0,0.0,3,0,0,0,0,0,0,0,0,0,0,0,0,0,0,0,0,0,0,0,0,0,0,0,0,0,0,0,0,0,0,0,0,0,0,0,0,0,0,0,0,0,0,0,0,0,0,0,0,0,0,0,0,0,0,0,0,0,0,0,0,0,0,0,0,0,0,0,0,0,0,0,0,0,0,0,0,0,0,0,0,0,0,0,0,0,0,0,0,0,0,0,0,0,0,0,0,0,0,0,0,0,0,0,0,0,0,0,0,0,0,3,16
16/02/20,0,3,0,0.0,0.0,0.0,0.0,3,0,0,0,0,0,0,0,0,0,0,0,0,0,0,0,0,0,0,0,0,0,0,0,0,0,0,0,0,0,0,0,0,0,0,0,0,0,0,0,0,0,0,0,0,0,0,0,0,0,0,0,0,0,0,0,0,0,0,0,0,0,0,0,0,0,0,0,0,0,0,0,0,0,0,0,0,0,0,0,0,0,0,0,0,0,0,0,0,0,0,0,0,0,0,0,0,0,0,0,0,0,0,0,0,0,0,0,0,0,0,3,17
17/02/20,0,3,0,0.0,0.0,0.0,0.0,3,0,0,0,0,0,0,0,0,0,0,0,0,0,0,0,0,0,0,0,0,0,0,0,0,0,0,0,0,0,0,0,0,0,0,0,0,0,0,0,0,0,0,0,0,0,0,0,0,0,0,0,0,0,0,0,0,0,0,0,0,0,0,0,0,0,0,0,0,0,0,0,0,0,0,0,0,0,0,0,0,0,0,0,0,0,0,0,0,0,0,0,0,0,0,0,0,0,0,0,0,0,0,0,0,0,0,0,0,0,0,3,18
18/02/20,0,3,0,0.0,0.0,0.0,0.0,3,0,0,0,0,0,0,0,0,0,0,0,0,0,0,0,0,0,0,0,0,0,0,0,0,0,0,0,0,0,0,0,0,0,0,0,0,0,0,0,0,0,0,0,0,0,0,0,0,0,0,0,0,0,0,0,0,0,0,0,0,0,0,0,0,0,0,0,0,0,0,0,0,0,0,0,0,0,0,0,0,0,0,0,0,0,0,0,0,0,0,0,0,0,0,0,0,0,0,0,0,0,0,0,0,0,0,0,0,0,0,3,19
19/02/20,0,3,0,0.0,0.0,0.0,0.0,3,0,0,0,0,0,0,0,0,0,0,0,0,0,0,0,0,0,0,0,0,0,0,0,0,0,0,0,0,0,0,0,0,0,0,0,0,0,0,0,0,0,0,0,0,0,0,0,0,0,0,0,0,0,0,0,0,0,0,0,0,0,0,0,0,0,0,0,0,0,0,0,0,0,0,0,0,0,0,0,0,0,0,0,0,0,0,0,0,0,0,0,0,0,0,0,0,0,0,0,0,0,0,0,0,0,0,0,0,0,0,3,20
20/02/20,0,3,0,0.0,0.0,0.0,0.0,3,0,0,0,0,0,0,0,0,0,0,0,0,0,0,0,0,0,0,0,0,0,0,0,0,0,0,0,0,0,0,0,0,0,0,0,0,0,0,0,0,0,0,0,0,0,0,0,0,0,0,0,0,0,0,0,0,0,0,0,0,0,0,0,0,0,0,0,0,0,0,0,0,0,0,0,0,0,0,0,0,0,0,0,0,0,0,0,0,0,0,0,0,0,0,0,0,0,0,0,0,0,0,0,0,0,0,0,0,0,0,3,21
21/02/20,0,3,0,0.0,0.0,0.0,0.0,3,0,0,0,0,0,0,0,0,0,0,0,0,0,0,0,0,0,0,0,0,0,0,0,0,0,0,0,0,0,0,0,0,0,0,0,0,0,0,0,0,0,0,0,0,0,0,0,0,0,0,0,0,0,0,0,0,0,0,0,0,0,0,0,0,0,0,0,0,0,0,0,0,0,0,0,0,0,0,0,0,0,0,0,0,0,0,0,0,0,0,0,0,0,0,0,0,0,0,0,0,0,0,0,0,0,0,0,0,0,0,3,22
22/02/20,0,3,0,0.0,0.0,0.0,0.0,3,0,0,0,0,0,0,0,0,0,0,0,0,0,0,0,0,0,0,0,0,0,0,0,0,0,0,0,0,0,0,0,0,0,0,0,0,0,0,0,0,0,0,0,0,0,0,0,0,0,0,0,0,0,0,0,0,0,0,0,0,0,0,0,0,0,0,0,0,0,0,0,0,0,0,0,0,0,0,0,0,0,0,0,0,0,0,0,0,0,0,0,0,0,0,0,0,0,0,0,0,0,0,0,0,0,0,0,0,0,0,3,23
23/02/20,0,3,0,0.0,0.0,0.0,0.0,3,0,0,0,0,0,0,0,0,0,0,0,0,0,0,0,0,0,0,0,0,0,0,0,0,0,0,0,0,0,0,0,0,0,0,0,0,0,0,0,0,0,0,0,0,0,0,0,0,0,0,0,0,0,0,0,0,0,0,0,0,0,0,0,0,0,0,0,0,0,0,0,0,0,0,0,0,0,0,0,0,0,0,0,0,0,0,0,0,0,0,0,0,0,0,0,0,0,0,0,0,0,0,0,0,0,0,0,0,0,0,3,24
24/02/20,0,3,0,0.0,0.0,0.0,0.0,3,0,0,0,0,0,0,0,0,0,0,0,0,0,0,0,0,0,0,0,0,0,0,0,0,0,0,0,0,0,0,0,0,0,0,0,0,0,0,0,0,0,0,0,0,0,0,0,0,0,0,0,0,0,0,0,0,0,0,0,0,0,0,0,0,0,0,0,0,0,0,0,0,0,0,0,0,0,0,0,0,0,0,0,0,0,0,0,0,0,0,0,0,0,0,0,0,0,0,0,0,0,0,0,0,0,0,0,0,0,0,3,25
25/02/20,0,3,0,0.0,0.0,0.0,0.0,3,0,0,0,0,0,0,0,0,0,0,0,0,0,0,0,0,0,0,0,0,0,0,0,0,0,0,0,0,0,0,0,0,0,0,0,0,0,0,0,0,0,0,0,0,0,0,0,0,0,0,0,0,0,0,0,0,0,0,0,0,0,0,0,0,0,0,0,0,0,0,0,0,0,0,0,0,0,0,0,0,0,0,0,0,0,0,0,0,0,0,0,0,0,0,0,0,0,0,0,0,0,0,0,0,0,0,0,0,0,0,3,26
26/02/20,0,3,0,0.0,0.0,0.0,0.0,3,0,0,0,0,0,0,0,0,0,0,0,0,0,0,0,0,0,0,0,0,0,0,0,0,0,0,0,0,0,0,0,0,0,0,0,0,0,0,0,0,0,0,0,0,0,0,0,0,0,0,0,0,0,0,0,0,0,0,0,0,0,0,0,0,0,0,0,0,0,0,0,0,0,0,0,0,0,0,0,0,0,0,0,0,0,0,0,0,0,0,0,0,0,0,0,0,0,0,0,0,0,0,0,0,0,0,0,0,0,0,3,27
27/02/20,0,3,0,0.0,0.0,0.0,0.0,3,0,0,0,0,0,0,0,0,0,0,0,0,0,0,0,0,0,0,0,0,0,0,0,0,0,0,0,0,0,0,0,0,0,0,0,0,0,0,0,0,0,0,0,0,0,0,0,0,0,0,0,0,0,0,0,0,0,0,0,0,0,0,0,0,0,0,0,0,0,0,0,0,0,0,0,0,0,0,0,0,0,0,0,0,0,0,0,0,0,0,0,0,0,0,0,0,0,0,0,0,0,0,0,0,0,0,0,0,0,0,3,28
28/02/20,0,3,0,0.0,0.0,0.0,0.0,3,0,0,0,0,0,0,0,0,0,0,0,0,0,0,0,0,0,0,0,0,0,0,0,0,0,0,0,0,0,0,0,0,0,0,0,0,0,0,0,0,0,0,0,0,0,0,0,0,0,0,0,0,0,0,0,0,0,0,0,0,0,0,0,0,0,0,0,0,0,0,0,0,0,0,0,0,0,0,0,0,0,0,0,0,0,0,0,0,0,0,0,0,0,0,0,0,0,0,0,0,0,0,0,0,0,0,0,0,0,0,3,29
29/02/20,0,3,0,0.0,0.0,0.0,0.0,3,0,0,0,0,0,0,0,0,0,0,0,0,0,0,0,0,0,0,0,0,0,0,0,0,0,0,0,0,0,0,0,0,0,0,0,0,0,0,0,0,0,0,0,0,0,0,0,0,0,0,0,0,0,0,0,0,0,0,0,0,0,0,0,0,0,0,0,0,0,0,0,0,0,0,0,0,0,0,0,0,0,0,0,0,0,0,0,0,0,0,0,0,0,0,0,0,0,0,0,0,0,0,0,0,0,0,0,0,0,0,3,30
01/03/20,0,3,0,0.0,0.0,0.0,0.0,3,0,0,0,0,0,0,0,0,0,0,0,0,0,0,0,0,0,0,0,0,0,0,0,0,0,0,0,0,0,0,0,0,0,0,0,0,0,0,0,0,0,0,0,0,0,0,0,0,0,0,0,0,0,0,0,0,0,0,0,0,0,0,0,0,0,0,0,0,0,0,0,0,0,0,0,0,0,0,0,0,0,0,0,0,0,0,0,0,0,0,0,0,0,0,0,0,0,0,0,0,0,0,0,0,0,0,0,0,0,0,3,31
02/03/20,0,5,0,0.0,0.0,0.4,0.0,3,0,0,1,0,0,1,0,0,0,0,0,0,0,0,0,0,0,0,0,0,0,0,0,0,0,0,0,0,0,0,0,0,0,0,0,0,0,0,0,0,0,0,0,0,0,0,0,0,0,0,0,0,0,0,0,0,0,0,0,0,0,0,0,0,0,0,0,0,0,0,0,0,0,0,0,0,0,0,0,0,0,0,0,0,0,0,0,0,0,0,0,0,0,0,0,0,0,0,0,0,0,0,0,0,0,0,0,0,0,0,5,32
03/03/20,3,6,0,0.0,0.5,0.166666666666667,1.0,3,0,3,1,0,0,1,0,0,1,0,0,0,0,0,0,0,0,0,0,0,0,0,0,0,0,0,0,0,0,0,0,0,0,0,0,0,0,0,0,0,0,0,0,0,0,0,0,0,0,0,0,0,0,0,0,0,0,0,0,0,0,0,0,0,0,0,0,0,0,0,0,0,0,0,0,0,0,0,0,0,0,0,0,0,0,0,0,0,0,0,0,0,0,0,0,0,0,0,0,0,0,0,0,0,0,0,0,0,0,0,3,33
04/03/20,3,28,0,0.0,0.107142857142857,0.7857142857142858,0.0,3,0,3,1,0,0,1,0,0,15,0,0,6,0,0,2,0,0,0,0,0,0,0,0,0,0,0,0,0,0,0,0,0,0,0,0,0,0,0,0,0,0,0,0,0,0,0,0,0,0,0,0,0,0,0,0,0,0,0,0,0,0,0,0,0,0,0,0,0,0,0,0,0,0,0,0,0,0,0,0,0,0,0,0,0,0,0,0,0,0,0,0,0,0,0,0,0,0,0,0,0,0,0,0,0,0,0,0,0,0,0,25,34
05/03/20,3,30,0,0.0,0.1,0.066666666666667,0.0,3,0,3,1,0,0,2,0,0,15,0,0,7,0,0,2,0,0,0,0,0,0,0,0,0,0,0,0,0,0,0,0,0,0,0,0,0,0,0,0,0,0,0,0,0,0,0,0,0,0,0,0,0,0,0,0,0,0,0,0,0,0,0,0,0,0,0,0,0,0,0,0,0,0,0,0,0,0,0,0,0,0,0,0,0,0,0,0,0,0,0,0,0,0,0,0,0,0,0,0,0,0,0,0,0,0,0,0,0,0,0,27,35
06/03/20,3,31,0,0.0,0.096774193548387,0.032258064516129,0.0,3,0,3,1,0,0,3,0,0,15,0,0,7,0,0,2,0,0,0,0,0,0,0,0,0,0,0,0,0,0,0,0,0,0,0,0,0,0,0,0,0,0,0,0,0,0,0,0,0,0,0,0,0,0,0,0,0,0,0,0,0,0,0,0,0,0,0,0,0,0,0,0,0,0,0,0,0,0,0,0,0,0,0,0,0,0,0,0,0,0,0,0,0,0,0,0,0,0,0,0,0,0,0,0,0,0,0,0,0,0,0,28,36
07/03/20,3,34,0,0.0,0.08823529411764698,0.08823529411764698,0.0,3,0,3,1,0,0,3,0,0,15,0,0,7,0,0,2,0,0,2,0,0,1,0,0,0,0,0,0,0,0,0,0,0,0,0,0,0,0,0,0,0,0,0,0,0,0,0,0,0,0,0,0,0,0,0,0,0,0,0,0,0,0,0,0,0,0,0,0,0,0,0,0,0,0,0,0,0,0,0,0,0,0,0,0,0,0,0,0,0,0,0,0,0,0,0,0,0,0,0,0,0,0,0,0,0,0,0,0,0,0,0,31,37
08/03/20,3,39,0,0.0,0.076923076923077,0.12820512820512805,0.0,8,0,3,1,0,0,3,0,0,15,0,0,7,0,0,2,0,0,2,0,0,1,0,0,0,0,0,0,0,0,0,0,0,0,0,0,0,0,0,0,0,0,0,0,0,0,0,0,0,0,0,0,0,0,0,0,0,0,0,0,0,0,0,0,0,0,0,0,0,0,0,0,0,0,0,0,0,0,0,0,0,0,0,0,0,0,0,0,0,0,0,0,0,0,0,0,0,0,0,0,0,0,0,0,0,0,0,0,0,0,0,36,38
09/03/20,3,46,0,0.0,0.065217391304348,0.152173913043478,0.0,9,0,3,1,0,0,4,0,0,15,0,0,7,0,0,2,0,0,2,0,0,1,0,0,1,0,0,2,0,0,1,0,0,1,0,0,0,0,0,0,0,0,0,0,0,0,0,0,0,0,0,0,0,0,0,0,0,0,0,0,0,0,0,0,0,0,0,0,0,0,0,0,0,0,0,0,0,0,0,0,0,0,0,0,0,0,0,0,0,0,0,0,0,0,0,0,0,0,0,0,0,0,0,0,0,0,0,0,0,0,0,43,39
10/03/20,3,58,0,0.0,0.051724137931035,0.206896551724138,0.0,15,0,3,1,0,0,4,0,0,15,0,0,7,0,0,2,0,0,2,0,0,1,0,0,4,0,0,5,0,0,1,0,0,1,0,0,0,0,0,0,0,0,0,0,0,0,0,0,0,0,0,0,0,0,0,0,0,0,0,0,0,0,0,0,0,0,0,0,0,0,0,0,0,0,0,0,0,0,0,0,0,0,0,0,0,0,0,0,0,0,0,0,0,0,0,0,0,0,0,0,0,0,0,0,0,0,0,0,0,0,0,55,40
11/03/20,3,60,0,0.0,0.05,0.03333333333333298,0.0,17,0,3,1,0,0,5,0,0,3,0,0,9,0,0,14,0,0,2,0,0,1,0,0,4,0,0,2,0,0,1,0,0,1,0,0,0,0,0,0,0,0,0,0,0,0,0,0,0,0,0,0,0,0,0,0,0,0,0,0,0,0,0,0,0,0,0,0,0,0,0,0,0,0,0,0,0,0,0,0,0,0,0,0,0,0,0,0,0,0,0,0,0,0,0,0,0,0,0,0,0,0,0,0,0,0,0,0,0,0,0,57,41
12/03/20,3,74,0,0.0,0.040540540540541,0.189189189189189,0.0,17,0,3,1,0,0,6,0,0,3,0,0,11,0,0,14,0,0,3,0,0,1,0,0,4,0,0,11,0,0,1,0,0,1,0,0,1,0,0,0,0,0,0,0,0,0,0,0,0,0,0,0,0,0,0,0,0,0,0,0,0,0,0,0,0,0,0,0,0,0,0,0,0,0,0,0,0,0,0,0,0,0,0,0,0,0,0,0,0,0,0,0,0,0,0,0,0,0,0,0,0,0,0,0,0,0,0,0,0,0,0,71,42
13/03/20,3,81,1,0.012345679012346,0.037037037037037,0.08641975308642,0.0,19,0,3,1,0,0,6,0,0,3,0,0,11,0,0,14,0,0,3,0,0,1,0,0,6,1,0,14,0,0,1,0,0,1,0,0,1,0,0,0,0,0,0,0,0,0,0,0,0,0,0,0,0,0,0,0,0,0,0,0,0,0,0,0,0,0,0,0,0,0,0,0,0,0,0,0,0,0,0,0,0,0,0,0,0,0,0,0,0,0,0,0,0,0,0,0,0,0,0,0,0,0,0,0,0,0,0,0,0,0,0,77,43
14/03/20,10,84,2,0.023809523809524,0.119047619047619,0.035714285714286004,0.7,19,0,3,1,0,0,7,1,1,3,0,1,12,0,5,14,0,0,3,0,0,1,0,0,6,1,0,14,0,0,1,0,0,2,0,0,1,0,0,0,0,0,0,0,0,0,0,0,0,0,0,0,0,0,0,0,0,0,0,0,0,0,0,0,0,0,0,0,0,0,0,0,0,0,0,0,0,0,0,0,0,0,0,0,0,0,0,0,0,0,0,0,0,0,0,0,0,0,0,0,0,0,0,0,0,0,0,0,0,0,0,72,44
15/03/20,13,110,2,0.018181818181818,0.118181818181818,0.23636363636363605,0.23076923076923106,22,0,3,3,0,1,7,1,2,4,0,3,13,0,4,14,0,0,3,0,0,1,0,0,6,1,0,32,0,0,1,0,0,2,0,0,1,0,0,1,0,0,0,0,0,0,0,0,0,0,0,0,0,0,0,0,0,0,0,0,0,0,0,0,0,0,0,0,0,0,0,0,0,0,0,0,0,0,0,0,0,0,0,0,0,0,0,0,0,0,0,0,0,0,0,0,0,0,0,0,0,0,0,0,0,0,0,0,0,0,0,95,45
16/03/20,13,114,2,0.017543859649123,0.114035087719298,0.035087719298246,0.0,23,0,3,3,0,1,7,1,2,4,0,3,13,0,4,14,0,0,4,0,0,1,0,0,6,1,0,32,0,0,1,0,0,3,0,0,1,0,0,1,0,0,1,0,0,0,0,0,0,0,0,0,0,0,0,0,0,0,0,0,0,0,0,0,0,0,0,0,0,0,0,0,0,0,0,0,0,0,0,0,0,0,0,0,0,0,0,0,0,0,0,0,0,0,0,0,0,0,0,0,0,0,0,0,0,0,0,0,0,0,0,99,46
17/03/20,14,137,3,0.021897810218978003,0.10218978102189802,0.167883211678832,0.07142857142857201,26,0,3,5,0,1,8,1,2,4,0,3,15,0,5,15,0,0,6,0,0,1,0,0,11,1,0,39,1,0,1,0,0,3,0,0,1,0,0,1,0,0,1,0,0,0,0,0,0,0,0,0,0,0,0,0,0,0,0,0,0,0,0,0,0,0,0,0,0,0,0,0,0,0,0,0,0,0,0,0,0,0,0,0,0,0,0,0,0,0,0,0,0,0,0,0,0,0,0,0,0,0,0,0,0,0,0,0,0,0,0,120,47
18/03/20,14,151,3,0.019867549668874,0.09271523178808,0.09271523178808,0.0,27,0,3,6,0,1,10,1,2,4,0,3,16,0,5,17,0,0,8,0,0,1,0,0,11,1,0,42,1,0,1,0,0,3,0,0,1,0,0,1,0,0,1,0,0,1,0,0,1,0,0,0,0,0,0,0,0,0,0,0,0,0,0,0,0,0,0,0,0,0,0,0,0,0,0,0,0,0,0,0,0,0,0,0,0,0,0,0,0,0,0,0,0,0,0,0,0,0,0,0,0,0,0,0,0,0,0,0,0,0,0,134,48
19/03/20,20,173,4,0.023121387283237003,0.115606936416185,0.127167630057803,0.3,27,0,3,6,0,1,12,1,3,7,0,3,19,0,9,17,0,0,8,0,0,2,0,1,14,1,0,47,1,0,2,1,0,4,0,0,2,0,0,1,0,0,1,0,0,1,0,0,1,0,0,1,0,0,1,0,0,0,0,0,0,0,0,0,0,0,0,0,0,0,0,0,0,0,0,0,0,0,0,0,0,0,0,0,0,0,0,0,0,0,0,0,0,0,0,0,0,0,0,0,0,0,0,0,0,0,0,0,0,0,0,149,49
20/03/20,23,223,4,0.017937219730942002,0.10313901345291496,0.22421524663677106,0.130434782608696,28,0,3,17,0,1,17,1,5,17,0,3,23,0,9,17,0,0,10,0,0,3,0,1,15,1,1,52,1,0,2,1,0,4,0,0,3,0,0,3,0,0,2,0,0,1,0,0,2,0,0,1,0,0,1,0,0,5,0,0,0,0,0,0,0,0,0,0,0,0,0,0,0,0,0,0,0,0,0,0,0,0,0,0,0,0,0,0,0,0,0,0,0,0,0,0,0,0,0,0,0,0,0,0,0,0,0,0,0,0,0,196,50
21/03/20,23,283,4,0.014134275618375,0.08127208480565401,0.212014134275618,0.0,40,0,3,21,0,1,26,1,5,17,0,3,24,0,9,17,0,0,13,0,0,3,0,1,15,1,1,63,1,0,13,1,0,4,0,0,3,0,0,3,0,0,2,0,0,1,0,0,3,0,0,1,0,0,1,0,0,7,0,0,2,0,0,4,0,0,0,0,0,0,0,0,0,0,0,0,0,0,0,0,0,0,0,0,0,0,0,0,0,0,0,0,0,0,0,0,0,0,0,0,0,0,0,0,0,0,0,0,0,0,0,256,51
22/03/20,24,360,7,0.019444444444445,0.066666666666667,0.213888888888889,0.041666666666667,52,0,3,22,0,1,29,1,5,24,0,3,27,0,9,21,0,0,13,0,0,7,0,1,26,1,2,67,2,0,21,1,0,4,0,0,5,0,0,3,0,0,2,0,0,1,0,0,4,0,0,1,0,0,5,0,0,18,1,0,2,0,0,4,0,0,2,1,0,0,0,0,0,0,0,0,0,0,0,0,0,0,0,0,0,0,0,0,0,0,0,0,0,0,0,0,0,0,0,0,0,0,0,0,0,0,0,0,0,0,0,329,52
23/03/20,24,433,7,0.016166281755196,0.05542725173210202,0.16859122401847598,0.0,67,0,3,32,0,1,29,1,5,28,0,3,31,0,9,26,0,0,13,0,0,9,0,1,33,1,2,74,2,0,21,1,0,4,0,0,7,0,0,3,0,0,2,0,0,1,0,0,7,0,0,1,0,0,6,0,0,29,1,0,2,0,0,6,0,0,2,1,0,0,0,0,0,0,0,0,0,0,0,0,0,0,0,0,0,0,0,0,0,0,0,0,0,0,0,0,0,0,0,0,0,0,0,0,0,0,0,0,0,0,0,402,53
24/03/20,40,519,9,0.017341040462428,0.077071290944123,0.165703275529865,0.4,95,0,4,35,0,1,30,1,6,32,0,3,33,0,11,28,0,11,13,0,0,15,0,1,37,1,3,89,2,0,29,1,0,4,0,0,8,0,0,4,0,0,2,0,0,1,0,0,9,1,0,1,0,0,7,0,0,33,1,0,3,1,0,7,0,0,3,1,0,1,0,0,0,0,0,0,0,0,0,0,0,0,0,0,0,0,0,0,0,0,0,0,0,0,0,0,0,0,0,0,0,0,0,0,0,0,0,0,0,0,0,470,54
25/03/20,43,606,10,0.016501650165017,0.070957095709571,0.14356435643564402,0.069767441860465,109,0,4,35,0,1,31,1,6,36,0,3,37,0,11,28,0,11,13,0,0,18,0,1,41,1,3,128,3,1,29,1,0,7,0,1,9,0,1,4,0,0,2,0,0,1,0,0,9,1,0,1,0,0,7,0,0,38,1,0,3,1,0,14,0,0,4,1,0,1,0,0,1,0,0,0,0,0,0,0,0,0,0,0,0,0,0,0,0,0,0,0,0,0,0,0,0,0,0,0,0,0,0,0,0,0,0,0,0,0,0,553,55
26/03/20,45,694,15,0.021613832853026,0.064841498559078,0.126801152737752,0.044444444444445,118,0,6,44,0,1,36,1,6,41,0,3,41,0,11,30,0,11,13,0,0,26,1,1,55,2,3,124,3,1,33,1,0,13,0,1,11,0,1,5,0,0,2,0,0,1,0,0,10,1,0,6,0,0,7,0,0,43,3,0,3,1,0,20,1,0,6,1,0,1,0,0,1,0,0,1,0,0,3,0,0,0,0,0,0,0,0,0,0,0,0,0,0,0,0,0,0,0,0,0,0,0,0,0,0,0,0,0,0,0,0,634,56
27/03/20,67,724,17,0.023480662983426003,0.09254143646408802,0.041436464088398,0.328358208955224,137,0,11,45,0,1,36,1,6,41,0,3,41,0,11,30,0,11,13,0,3,29,1,1,55,2,3,130,4,15,33,1,0,13,1,1,12,0,1,5,0,0,2,0,0,1,0,0,10,1,0,6,0,0,7,0,0,43,3,0,3,1,0,20,1,0,6,1,0,1,0,0,1,0,0,1,0,0,3,0,0,0,0,0,0,0,0,0,0,0,0,0,0,0,0,0,0,0,0,0,0,0,0,0,0,0,0,0,0,0,0,640,57
28/03/20,80,909,19,0.020902090209021,0.088008800880088,0.20352035203520305,0.1625,176,0,11,56,0,1,39,1,6,54,0,3,55,0,11,33,0,12,13,0,3,40,1,2,55,2,3,180,5,25,38,1,1,20,1,1,14,0,1,5,0,0,3,0,0,1,0,0,15,1,0,6,0,0,8,0,0,45,3,0,3,1,0,30,2,0,9,1,0,1,0,0,1,0,0,6,0,0,3,0,0,0,0,0,0,0,0,0,0,0,0,0,0,0,0,0,0,0,0,0,0,0,0,0,0,0,0,0,0,0,0,810,58
29/03/20,96,1024,27,0.0263671875,0.09375,0.1123046875,0.166666666666667,182,1,15,66,1,1,49,2,6,55,0,3,65,0,11,33,0,17,13,0,3,49,1,4,76,3,5,186,6,25,38,1,1,31,2,1,19,0,1,7,0,2,3,0,0,1,0,0,18,1,0,7,0,0,8,0,0,58,5,1,3,1,0,30,2,0,11,1,0,1,0,0,1,0,0,9,0,0,5,0,0,0,0,0,0,0,0,0,0,0,0,0,0,0,0,0,0,0,0,0,0,0,0,0,0,0,0,0,0,0,0,901,59
30/03/20,102,1251,31,0.024780175859313,0.081534772182254,0.181454836131095,0.058823529411765,202,1,19,71,1,1,87,2,6,59,0,3,82,0,11,36,0,18,13,0,3,67,1,4,83,3,5,198,8,25,38,1,1,48,2,2,23,0,1,7,0,2,3,0,0,1,0,0,22,1,0,7,0,0,8,0,0,69,6,1,3,1,0,47,3,0,15,1,0,1,0,0,1,0,0,9,0,0,5,0,0,46,0,0,0,0,0,0,0,0,0,0,0,0,0,0,0,0,0,0,0,0,0,0,0,0,0,0,0,0,0,1118,60
31/03/20,124,1397,35,0.025053686471009,0.08876163206871901,0.104509663564782,0.17741935483871,234,1,19,79,1,1,97,2,6,74,0,3,101,0,14,40,0,21,13,0,3,74,1,4,83,3,5,216,9,39,41,3,1,54,2,2,40,0,1,7,0,2,3,0,0,1,0,0,26,2,0,8,0,0,13,0,0,73,6,3,3,1,0,47,3,0,15,1,0,1,0,0,1,0,0,10,0,0,5,0,0,38,0,0,0,0,0,0,0,0,0,0,0,0,0,0,0,0,0,0,0,0,0,0,0,0,0,0,0,0,0,1238,61
01/04/20,144,1834,41,0.022355507088332,0.078516902944384,0.2382769901853869,0.138888888888889,241,2,23,96,3,1,152,2,6,93,0,3,103,2,14,43,0,21,13,0,3,234,1,6,101,3,8,302,9,39,42,3,1,62,2,2,83,0,1,7,0,2,4,0,0,3,0,1,37,3,6,9,0,2,16,0,0,82,6,5,3,1,0,66,3,0,23,1,0,1,0,0,1,0,0,10,0,0,5,0,0,0,0,0,1,0,0,1,0,0,0,0,0,0,0,0,0,0,0,0,0,0,0,0,0,0,0,0,0,0,0,1649,62
02/04/20,156,2069,53,0.025616239729338,0.075398743354278,0.113581440309328,0.076923076923077,265,2,25,107,3,1,219,4,8,108,0,3,113,2,14,43,0,21,13,0,3,234,1,6,110,3,9,335,13,42,46,4,1,62,2,2,86,1,1,7,0,2,4,0,0,3,0,1,53,3,6,9,0,2,16,0,0,87,7,8,3,1,1,99,6,0,24,1,0,1,0,0,1,0,0,10,0,0,5,0,0,0,0,0,5,0,0,1,0,0,0,0,0,0,0,0,0,0,0,0,0,0,0,0,0,0,0,0,0,0,0,1860,63
03/04/20,163,2547,62,0.024342363564979,0.06399685904986299,0.18767177071064006,0.042944785276074,286,2,27,158,7,1,219,4,8,167,0,3,172,2,14,49,0,24,14,0,3,309,1,6,124,3,10,335,16,42,48,5,1,75,2,3,132,1,1,10,0,2,5,0,0,5,0,1,63,3,3,9,0,3,18,0,0,95,8,10,6,1,1,104,6,0,29,1,0,2,0,0,1,0,0,10,0,0,6,0,0,77,0,0,16,0,0,2,0,0,1,0,0,0,0,0,0,0,0,0,0,0,0,0,0,0,0,0,0,0,0,2322,64
04/04/20,213,3072,75,0.0244140625,0.0693359375,0.1708984375,0.234741784037559,295,2,41,159,7,1,445,6,15,200,0,21,174,2,19,49,0,24,14,0,3,411,2,6,128,3,12,490,24,42,57,5,1,75,2,3,161,1,1,16,0,2,5,0,0,5,0,1,69,3,3,9,0,3,18,0,0,105,10,14,6,1,1,104,6,0,30,1,0,2,0,0,1,0,0,10,0,0,7,0,0,0,0,0,24,0,0,2,0,0,1,0,0,0,0,0,0,0,0,0,0,0,0,0,0,0,0,0,0,0,0,2784,65
05/04/20,275,3577,83,0.023203802068773,0.07688006709533099,0.14117975957506304,0.22545454545454505,306,2,49,269,7,32,503,7,18,200,0,21,227,2,19,59,1,25,14,0,10,485,3,6,144,4,12,490,24,42,57,5,1,106,2,4,190,1,1,22,0,2,20,0,0,5,0,1,80,3,10,9,0,3,18,0,0,122,11,18,6,1,1,165,9,0,30,1,0,2,0,0,1,0,0,10,0,0,7,0,0,0,0,0,26,0,0,3,0,0,1,0,0,0,0,0,0,0,0,0,0,0,0,0,0,0,0,0,0,0,0,3219,66
06/04/20,319,4281,111,0.025928521373511003,0.074515300163513,0.164447558981546,0.137931034482759,314,2,55,321,7,34,523,7,19,274,0,21,305,3,21,84,1,25,14,0,10,571,5,8,151,4,12,748,45,56,76,6,4,109,2,4,226,3,1,26,0,4,21,0,2,5,0,1,80,3,10,10,0,8,18,0,0,144,12,22,13,1,2,165,9,0,32,1,0,2,0,0,1,0,0,10,0,0,7,0,0,0,0,0,26,0,0,4,0,0,1,0,0,0,0,0,0,0,0,0,0,0,0,0,0,0,0,0,0,0,0,3851,67
07/04/20,353,4789,124,0.025892670703696,0.073710586761328,0.10607642514094802,0.096317280453258,327,2,58,364,7,35,576,7,21,288,3,21,305,3,21,90,1,25,14,0,10,621,5,8,175,4,25,868,48,56,91,7,4,116,2,4,266,3,1,31,0,5,42,1,2,5,0,1,91,3,13,10,0,9,18,0,7,165,13,25,13,1,2,229,13,0,32,1,0,2,0,0,1,0,0,10,0,0,7,0,0,0,0,0,26,0,0,4,0,0,1,0,0,1,0,0,0,0,0,0,0,0,0,0,0,0,0,0,0,0,0,4312,68
08/04/20,411,5274,149,0.028251801289344,0.07792946530147901,0.09196056124383804,0.141119221411192,336,2,70,427,7,35,576,9,21,328,3,21,343,3,26,147,3,28,14,0,10,690,7,19,175,4,25,1018,64,79,91,7,4,116,2,4,305,4,5,31,0,5,42,1,2,5,0,1,99,5,13,10,0,9,18,0,7,165,13,25,18,1,2,229,13,0,38,1,0,2,0,0,1,0,0,10,0,0,7,0,0,0,0,0,27,0,0,4,0,0,1,0,0,1,0,0,0,0,0,0,0,0,0,0,0,0,0,0,0,0,0,4714,69
09/04/20,478,5865,169,0.028815004262575,0.08150042625746001,0.10076726342711,0.140167364016736,345,2,83,442,7,35,669,9,21,383,3,21,410,4,31,169,3,29,14,0,10,738,8,21,181,5,28,1135,72,117,101,8,4,158,4,4,348,4,6,35,0,5,42,1,2,5,0,1,103,5,16,10,0,9,18,0,7,179,16,25,18,1,2,259,16,0,39,1,0,2,0,1,1,0,0,11,0,0,7,0,0,0,0,0,28,0,0,13,0,0,1,0,0,1,0,0,0,0,0,0,0,0,0,0,0,0,0,0,0,0,0,5218,70
10/04/20,516,6761,206,0.030468865552433,0.07632007099541499,0.132524774441651,0.073643410852713,357,2,96,473,7,35,898,13,25,463,3,21,431,4,32,169,3,29,15,0,10,834,8,21,197,6,30,1364,97,125,132,11,5,184,4,6,363,6,7,35,0,5,44,1,2,5,0,1,116,5,16,10,0,9,18,0,7,241,17,26,28,1,6,259,16,0,60,1,0,2,0,1,1,0,0,11,0,0,7,0,1,0,0,0,29,0,0,13,1,0,1,0,0,1,0,0,0,0,0,0,0,0,0,0,0,0,0,0,0,0,0,6039,71
11/04/20,653,7529,242,0.032142382786559,0.086731305618276,0.10200557843007,0.209800918836141,364,2,123,504,9,43,903,14,25,553,3,21,433,4,32,177,3,29,15,0,10,911,8,44,214,6,37,1574,110,188,132,11,5,207,4,6,381,6,11,35,0,5,48,1,2,7,0,1,126,5,16,18,0,9,18,0,7,308,19,31,28,1,6,443,33,0,60,1,0,2,0,1,1,0,0,11,0,0,7,0,1,0,0,0,29,1,0,17,1,0,1,0,0,2,0,0,0,0,0,0,0,0,0,0,0,0,0,0,0,0,0,6634,72
12/04/20,765,8447,273,0.032319166568012,0.090564697525749,0.108677637030899,0.14640522875817,374,2,142,504,9,43,1069,19,25,700,3,21,452,5,45,185,3,29,15,0,10,969,10,44,226,6,37,1761,127,208,151,11,5,224,4,6,381,6,11,35,0,5,54,1,12,7,0,1,134,5,19,25,0,10,19,0,7,432,22,44,32,1,6,564,36,0,64,1,19,2,0,1,1,0,0,11,0,10,7,0,5,0,0,0,29,1,0,17,1,0,1,0,0,2,0,0,0,0,0,0,0,0,0,0,0,0,0,0,0,0,0,7409,73
13/04/20,980,9352,324,0.034644995722839994,0.104790419161677,0.096770744225834,0.21938775510204106,376,3,179,562,16,100,1154,24,27,812,3,21,483,5,47,185,3,29,15,0,10,1075,11,50,247,6,59,1985,149,217,167,11,14,245,4,6,432,7,11,35,0,5,54,1,12,7,0,1,152,7,29,31,0,10,21,0,7,539,26,47,32,1,13,604,43,44,64,1,26,2,0,1,1,0,0,11,0,10,7,0,5,0,0,0,31,1,0,19,2,0,1,0,0,2,0,0,1,0,0,0,0,0,0,0,0,0,0,0,0,0,0,8048,74
14/04/20,1190,10815,353,0.032639852057328,0.110032362459547,0.135275080906149,0.17647058823529396,379,3,198,624,17,100,1510,28,30,879,3,133,657,5,49,199,3,34,15,0,10,1173,11,58,258,9,65,2337,160,229,176,12,14,270,4,16,473,9,14,35,0,7,55,1,18,7,0,1,190,7,36,31,0,10,21,0,7,617,26,55,32,1,13,730,50,51,66,1,26,2,0,1,1,0,0,11,0,10,7,0,5,0,0,0,31,1,0,24,2,0,1,0,0,2,0,0,1,0,0,1,0,0,0,0,0,0,0,0,0,0,0,9272,75
15/04/20,1344,11933,392,0.032850079611162,0.112628844381128,0.093689767870611,0.114583333333333,387,3,211,647,18,120,1561,30,30,1005,3,147,735,11,51,199,3,34,17,0,10,1204,12,81,277,11,75,2687,178,259,186,13,14,278,4,30,503,9,16,37,0,9,60,1,18,7,0,1,213,7,37,33,0,13,21,0,7,695,30,59,33,1,13,987,53,64,70,1,29,2,0,1,1,0,0,11,0,10,7,0,5,0,0,0,33,1,0,27,2,0,1,0,0,2,0,0,0,0,0,7,1,0,0,0,0,0,0,0,0,0,0,10197,76
16/04/20,1515,12759,420,0.032917940277451,0.118739713143663,0.064738615878987,0.112871287128713,388,3,218,698,18,120,1578,32,42,1023,3,147,773,13,68,205,3,43,17,0,10,1242,14,118,315,13,82,2919,187,295,186,13,27,300,4,36,534,14,20,37,0,9,60,1,18,7,0,1,231,7,42,33,0,17,21,0,7,871,36,64,35,1,16,1120,53,64,74,1,29,2,0,1,1,0,0,11,0,10,7,0,5,0,0,0,33,1,5,28,2,0,1,0,0,2,0,1,0,0,0,7,1,0,0,0,0,0,0,0,0,0,0,10824,77
17/04/20,1767,13835,452,0.032670762558727987,0.12771955186122194,0.077773762197326,0.14261460101867598,395,3,245,743,18,186,1640,38,51,1131,11,164,846,14,74,205,3,43,18,0,14,1267,15,180,353,13,82,3205,194,300,186,13,27,314,4,38,572,14,36,37,0,9,60,1,19,7,0,1,255,10,51,36,0,23,21,0,9,1021,38,74,35,1,16,1308,57,65,83,1,37,2,0,1,1,0,0,11,0,10,7,0,6,0,0,0,35,1,5,29,2,0,1,0,0,2,0,1,0,0,0,9,1,0,0,0,0,0,0,0,0,0,0,11616,78
18/04/20,2015,14792,488,0.032990805840995,0.13622228231476502,0.064697133585722,0.123076923076923,396,3,255,791,18,186,1707,42,72,1229,11,183,969,14,86,225,3,43,18,0,14,1323,15,283,371,13,92,3323,201,331,202,13,27,328,5,42,603,15,42,42,0,9,60,1,21,7,0,3,287,10,55,36,0,24,21,0,9,1272,48,88,38,1,16,1355,69,69,85,2,37,2,0,1,1,0,0,12,0,11,7,0,6,0,0,0,35,1,9,33,2,0,1,0,0,2,0,1,0,0,0,11,1,0,0,0,0,0,0,0,0,0,0,12289,79
19/04/20,2302,16116,519,0.032204020848846,0.142839414246711,0.082154380739638,0.124674196350999,400,3,257,844,18,186,1893,43,72,1351,11,183,1084,17,108,233,3,87,18,0,14,1372,15,365,384,14,104,3651,211,365,219,16,31,341,5,51,603,15,42,42,0,9,61,1,24,7,0,3,310,12,62,36,0,24,23,0,10,1604,58,94,39,1,16,1407,70,127,86,2,37,2,0,1,1,0,0,14,0,11,7,0,6,0,0,0,35,1,12,35,2,0,1,0,0,2,0,1,0,0,0,11,1,0,0,0,0,0,0,0,0,0,0,13295,80
20/04/20,2842,17656,559,0.03166062528319,0.160965111010421,0.087222473946534,0.190007037297678,402,3,270,873,21,190,2003,45,290,1478,14,183,1176,17,129,233,3,87,18,0,14,1477,15,411,395,16,111,4203,223,507,219,16,31,350,5,56,722,20,92,44,0,11,68,1,24,7,0,3,339,12,66,36,0,25,26,0,13,1851,67,106,39,1,16,1485,74,127,96,2,42,2,0,2,1,0,0,15,0,11,7,0,7,0,0,0,35,1,17,42,2,0,1,0,0,2,0,1,0,0,0,11,1,0,0,0,0,0,0,0,0,0,0,14255,81
21/04/20,3260,18985,603,0.031761917303134,0.171714511456413,0.070002633658151,0.128220858895706,408,3,291,919,23,190,2081,47,431,1576,25,205,1294,20,140,254,3,127,18,0,14,1520,17,457,415,17,114,4669,232,572,245,16,39,368,5,71,757,22,96,46,0,18,74,1,24,7,0,3,392,12,73,36,0,25,26,0,13,2066,77,131,39,1,16,1540,76,127,114,2,42,2,0,2,1,0,0,16,0,11,7,0,7,0,0,0,35,1,19,46,2,0,1,0,1,2,0,1,0,0,0,11,1,0,0,0,0,0,0,0,0,0,0,15122,82
22/04/20,3960,20471,652,0.031849934053051004,0.193444384739387,0.072590493869376,0.176767676767677,427,3,323,945,23,194,2156,47,611,1801,25,230,1412,21,165,254,3,127,18,0,14,1596,18,635,425,17,129,5221,251,722,251,16,49,380,5,81,813,24,120,46,0,19,82,1,30,7,0,3,423,15,73,36,0,26,27,0,14,2272,95,144,39,1,16,1592,80,148,126,2,46,2,0,2,1,0,0,17,0,11,7,0,7,0,0,0,35,1,19,45,3,0,1,0,1,2,0,1,0,0,0,12,1,0,0,0,0,0,0,0,0,0,0,15859,83
23/04/20,4325,21700,686,0.031612903225807,0.199308755760369,0.056635944700461,0.084393063583815,438,3,324,960,24,197,2248,48,724,1890,27,230,1509,21,187,262,3,140,18,0,14,1629,18,662,443,17,141,5652,269,789,277,16,65,407,5,92,895,27,141,46,0,23,83,1,32,7,0,3,456,15,79,36,0,28,27,0,14,2407,103,179,40,1,18,1695,81,148,148,2,46,2,0,2,1,0,0,18,0,11,7,0,7,0,0,0,35,1,19,49,3,8,1,0,1,2,0,1,0,0,0,12,1,0,0,0,0,0,0,0,0,0,0,16689,84
24/04/20,4814,23452,723,0.030828927170391,0.20527033941668105,0.074705782022855,0.101578728707935,448,3,324,984,26,253,2376,50,808,1964,27,230,1604,24,206,272,3,156,18,0,14,1683,20,752,463,18,150,6430,283,840,277,16,65,427,5,92,955,29,145,47,0,24,90,1,33,7,0,3,514,15,103,36,0,28,27,0,14,2624,112,258,40,1,18,1852,83,203,176,2,46,2,0,2,1,0,0,22,0,11,7,0,7,0,0,0,36,1,19,55,3,8,1,0,1,2,0,1,0,0,0,12,1,0,0,0,0,0,0,0,0,0,0,17915,85
25/04/20,5210,24893,779,0.031293938054875,0.209295785963926,0.057887759611135986,0.07600767754318599,451,4,331,984,26,253,2514,53,857,2034,27,230,1778,26,248,272,3,156,20,0,14,1755,22,866,489,18,153,6817,301,957,298,17,67,454,5,109,1061,31,171,48,0,25,94,1,33,7,0,3,571,18,103,36,0,30,28,0,15,2815,127,265,40,1,18,1952,92,210,228,2,46,2,0,2,1,0,0,27,0,11,7,0,7,0,0,0,36,1,19,59,3,9,1,0,1,2,0,1,0,0,0,12,1,0,0,0,0,0,0,0,0,0,0,18904,86
26/04/20,5914,26605,826,0.031046795715091,0.222289043412892,0.064348806615298,0.119039567128847,458,4,338,991,26,280,2625,54,869,2083,33,493,1843,29,289,289,3,176,20,0,14,1821,23,960,501,18,177,7628,323,1076,298,17,67,494,6,112,1097,31,231,50,0,26,103,1,34,7,0,3,611,18,105,37,0,32,30,0,17,3071,133,282,40,1,22,2096,99,210,251,2,46,2,0,2,1,0,0,33,0,11,7,0,7,0,0,0,36,1,19,67,3,13,1,0,1,2,0,2,0,0,0,12,1,0,0,0,0,0,0,0,0,0,0,19865,87
27/04/20,6362,28160,886,0.031463068181817995,0.225923295454545,0.055220170454546,0.070418107513361,469,4,342,1002,26,280,2918,54,877,2185,41,518,1955,31,335,289,3,176,20,0,14,1885,24,1020,511,20,188,8068,342,1188,313,18,71,523,6,137,1177,31,235,51,0,33,108,1,35,8,0,3,649,20,105,37,0,32,30,0,17,3301,151,313,40,1,22,2168,106,302,277,2,56,2,0,2,1,0,0,33,0,11,7,0,7,0,0,0,36,1,27,82,3,13,1,0,1,2,0,2,0,0,0,12,1,0,0,0,0,0,0,0,0,0,0,20912,88
28/04/20,7027,29834,937,0.03140711939398,0.235536636052826,0.056110477978146,0.094634979365305,482,4,355,1004,26,321,3108,54,877,2262,46,669,2043,31,400,296,3,183,22,0,16,1937,24,1101,520,20,198,8590,369,1282,313,18,71,546,7,164,1259,31,258,51,0,33,118,1,37,8,0,3,697,20,109,37,0,32,40,0,17,3548,162,394,40,1,22,2368,113,361,346,2,57,2,0,2,1,0,0,33,0,11,7,0,7,0,0,0,38,1,27,103,3,17,1,0,1,2,0,2,0,0,0,12,1,0,0,0,0,0,0,0,0,0,0,21870,89
29/04/20,7797,31709,1008,0.031789081964111,0.245892333406919,0.059131476867766,0.098755931768629,486,4,359,1012,26,367,3314,54,1078,2364,51,768,2115,36,477,310,3,209,22,0,16,2058,25,1168,532,20,215,9318,400,1388,322,19,71,565,8,176,1332,31,287,54,0,34,119,1,38,8,0,3,725,22,119,38,0,34,56,0,17,3774,181,434,40,1,25,2561,119,377,383,2,64,2,0,2,1,0,0,33,0,15,7,0,7,0,0,0,38,1,27,105,3,19,1,0,1,2,0,2,0,0,0,12,1,0,0,0,0,0,0,0,0,0,0,22904,90
30/04/20,8373,33330,1075,0.032253225322532005,0.251215121512151,0.048634863486349,0.068792547474024,496,4,369,1012,26,367,3439,56,1092,2438,51,768,2203,39,513,310,3,209,22,0,16,2162,27,1210,557,21,223,9915,432,1593,357,19,90,581,8,192,1403,31,321,55,0,36,128,1,39,8,0,5,758,22,124,38,0,36,56,0,17,4082,197,527,40,1,25,2660,130,461,403,2,65,2,0,2,1,0,0,33,0,15,7,0,7,0,0,0,42,1,29,107,3,19,1,0,1,2,0,2,0,0,0,12,1,0,0,0,0,0,0,0,0,0,0,23882,91
01/05/20,9065,34972,1152,0.032940638224866,0.259207365892714,0.04695184719203902,0.076337562051848,497,4,383,1039,26,441,3515,59,1094,2584,58,836,2281,41,555,313,3,209,22,0,16,2323,27,1258,576,22,235,10498,459,1773,357,19,90,614,8,216,1463,33,403,57,0,36,143,1,41,8,0,5,795,33,139,40,0,36,56,0,17,4395,214,613,40,1,28,2719,137,482,426,2,82,2,0,2,1,0,0,33,0,16,7,0,7,0,0,0,42,1,29,111,3,20,1,0,1,2,0,2,0,0,0,12,1,0,0,0,0,0,0,0,0,0,0,24755,92
02/05/20,9951,37157,1218,0.032779826143123,0.267809564819549,0.058804532120462,0.089036277761029,497,4,392,1039,26,441,3738,61,1167,2666,62,1116,2328,42,654,360,4,227,22,0,17,2526,28,1312,589,22,251,11506,485,1879,480,19,90,639,8,247,1463,33,403,58,0,36,149,1,55,8,0,5,795,33,139,43,0,36,88,0,17,4721,236,735,40,1,30,2719,145,524,471,3,98,2,0,2,1,0,0,33,0,16,7,0,7,0,0,0,43,1,32,111,3,20,1,0,1,2,0,2,0,0,0,12,1,0,0,0,0,0,0,0,0,0,0,25988,93
03/05/20,10887,40124,1306,0.032549097796830004,0.271333865018443,0.073945768118832,0.08597409754753399,500,4,400,1063,28,458,4122,64,1256,2772,65,1121,2626,43,698,394,4,227,40,0,17,2757,29,1341,606,25,282,12296,521,2000,772,20,112,666,8,254,1583,33,488,59,0,39,160,1,56,8,0,5,922,33,151,43,0,36,94,0,19,5055,262,896,40,1,33,2846,156,798,482,4,117,2,0,2,1,0,0,33,0,17,7,0,7,0,0,0,43,1,32,115,3,22,1,0,1,4,0,2,0,0,0,12,1,0,0,0,0,0,0,0,0,0,0,27931,94
04/05/20,11762,42836,1389,0.032425996825099994,0.27458212718274305,0.06331123354188099,0.074392110185343,500,4,401,1082,29,490,4549,64,1362,2886,71,1356,2742,45,758,442,5,245,41,0,17,3023,30,1379,642,26,304,12974,548,2115,1102,21,117,701,8,287,1650,36,524,60,1,39,163,1,60,8,0,5,963,35,151,57,0,36,94,0,19,5428,290,1042,40,1,34,2942,165,798,517,4,125,2,0,2,1,0,0,33,0,32,7,0,7,0,0,0,43,1,32,115,3,22,1,0,1,16,0,2,0,0,0,12,1,0,0,0,0,0,0,0,0,0,0,29685,95
05/05/20,13161,46711,1583,0.033889233799319005,0.281753762497056,0.08295690522575,0.106298913456424,500,4,462,1085,29,585,4898,64,1431,3061,77,1394,2859,53,944,517,6,254,41,0,17,3550,31,1409,659,28,324,14541,583,2465,1233,23,128,726,8,303,1717,36,589,60,1,39,170,1,60,9,0,6,1259,133,218,58,0,36,102,1,21,5804,319,1195,41,1,38,3049,176,1000,529,4,130,2,0,2,1,0,0,33,0,32,7,0,7,0,0,0,43,1,32,115,3,27,1,0,1,29,0,2,0,0,0,12,1,10,0,0,0,0,0,0,0,0,0,31967,96
06/05/20,14183,49391,1694,0.034297746553016005,0.28715757931607,0.054260897734405,0.07205809772262599,502,4,462,1096,29,585,5104,64,1468,3158,89,1525,2880,56,987,548,6,256,41,0,17,4058,33,1485,671,29,331,15525,617,2819,1451,25,133,741,8,320,1717,36,589,61,1,39,175,1,60,9,0,6,1344,140,364,59,0,36,111,1,21,6245,368,1381,42,2,38,3049,176,1000,536,4,142,2,0,2,1,0,0,33,0,32,7,0,7,0,0,0,43,1,32,125,3,33,1,0,1,43,0,2,0,0,0,12,1,10,1,0,0,0,0,0,0,0,0,33514,97
07/05/20,15267,52952,1783,0.033672004834567004,0.288317721710228,0.067249584529385,0.07100281653239,503,4,469,1107,29,628,5532,65,1542,3317,92,1596,2998,60,1130,594,7,260,41,0,17,4829,35,1516,693,29,354,16758,651,3094,1516,27,135,775,8,322,1777,36,729,61,1,39,185,2,61,9,0,6,1456,144,364,59,0,36,120,1,21,6625,396,1500,45,2,38,3138,185,1099,542,4,188,2,0,2,1,0,0,33,0,32,7,0,7,0,0,0,45,1,32,127,3,37,1,0,1,43,0,2,0,0,0,12,1,10,1,0,0,0,0,0,0,0,0,35902,98
08/05/20,16540,56342,1886,0.033474140073125,0.29356430371658804,0.06016825813780099,0.076964933494559,503,4,474,1123,29,650,5980,66,1931,3427,97,1596,3071,62,1250,625,7,260,42,0,17,5409,37,1547,705,30,366,17974,694,3301,1644,28,149,793,9,335,1847,38,780,61,1,39,219,2,62,9,0,6,1548,151,364,59,0,38,135,1,21,7012,425,1709,46,2,38,3252,193,1231,550,5,246,2,0,2,1,0,0,33,0,33,7,0,7,0,0,0,54,1,34,132,3,41,1,0,1,65,0,2,0,0,0,12,1,10,1,0,0,0,0,0,0,0,0,37916,99
09/05/20,17847,59662,1981,0.033203714256981,0.299135127887097,0.055646810365057,0.073233596682916,503,4,484,1133,29,700,6318,68,2020,3579,101,1916,3214,66,1387,647,8,279,42,0,17,6009,40,1605,753,30,376,19063,731,3470,1731,29,152,823,9,364,1887,41,842,63,1,46,271,2,63,9,0,6,1678,160,364,59,0,38,150,1,21,7402,449,1872,50,2,38,3341,200,1349,571,5,297,2,0,2,1,0,0,33,0,33,7,0,7,0,0,0,59,1,34,132,3,52,1,0,1,118,0,2,0,0,0,12,1,10,1,0,0,0,0,0,0,0,0,39834,100
10/05/20,19358,62939,2109,0.033508635345334,0.307567644862486,0.052066286404296,0.07805558425457201,505,4,485,1163,30,750,6542,73,2020,3708,106,2026,3373,74,1499,675,9,290,42,0,17,6535,44,1824,794,30,386,20228,779,3800,1762,31,157,836,9,368,1930,44,887,67,1,46,294,2,63,9,0,6,1786,171,372,59,0,43,169,2,24,7796,472,2091,50,2,38,3614,215,1676,591,5,322,2,0,2,1,0,1,33,0,33,7,0,7,0,0,0,63,2,34,156,3,78,1,0,1,134,0,2,0,0,0,13,1,10,1,0,0,0,0,0,0,0,0,41472,101
11/05/20,20917,67152,2206,0.032850845842267995,0.311487371932333,0.062738265427687,0.074532676770091,512,4,489,1196,30,750,6923,73,2069,3814,107,2176,3467,74,1653,703,10,300,42,0,21,7204,47,1959,848,31,424,22171,832,4199,1823,31,166,861,9,383,1980,45,925,68,1,46,377,3,68,9,0,6,1939,185,417,59,0,49,169,2,24,8194,493,2545,55,2,39,3614,215,1676,696,6,365,2,0,2,1,0,1,33,0,33,7,0,7,0,0,0,63,2,34,157,3,78,1,0,1,150,0,2,0,0,0,13,1,10,1,0,0,0,0,0,0,0,0,44029,102
12/05/20,22455,70756,2293,0.032407145683758,0.317358245237153,0.050935609700944,0.068492540636829,519,4,489,1275,30,800,7233,73,2129,3988,113,2264,3573,80,1758,730,11,337,42,0,21,8002,53,2051,862,31,426,23401,868,4786,1877,31,168,879,10,427,2018,45,975,68,1,46,414,3,85,12,0,6,2063,190,499,59,0,53,174,2,24,8541,513,2780,59,2,39,3785,221,1747,747,6,377,2,0,2,1,0,1,33,0,33,7,0,7,0,0,0,65,2,34,160,3,78,1,0,1,152,0,2,0,0,0,13,1,10,1,0,0,0,0,0,0,0,0,46008,103
13/05/20,24386,74281,2415,0.032511678625758995,0.32829391095973404,0.047454934640083,0.07918477815139799,524,4,489,1326,32,830,7639,86,2512,4126,117,2378,3664,82,1873,780,11,342,42,0,21,8718,61,2134,925,31,433,24427,921,5125,1914,32,171,934,10,455,2090,46,1056,69,1,46,437,3,116,13,1,9,2173,198,612,59,0,54,187,3,28,8903,537,3246,65,2,39,3986,225,1860,831,6,383,2,0,2,1,0,1,33,0,33,7,0,7,0,0,0,65,2,39,172,3,79,1,0,1,154,0,2,0,0,0,13,1,10,1,0,0,0,0,0,0,0,0,47480,104
14/05/20,26235,78003,2549,0.032678230324475,0.336333217953156,0.047716113482815,0.07047836859157597,534,4,490,1367,34,940,7998,106,2858,4328,121,2459,3729,83,1902,793,11,418,43,0,22,9227,64,2176,959,33,451,25922,975,5547,1924,32,200,971,11,466,2137,47,1142,72,1,46,538,3,143,13,1,9,2290,207,702,59,0,55,187,3,28,9267,566,3562,66,2,39,4173,232,2004,940,7,388,2,0,2,1,0,1,33,0,33,7,0,7,0,0,0,80,2,39,173,3,79,1,0,1,155,0,16,0,0,0,13,1,10,1,0,0,0,0,0,0,0,0,49219,105
15/05/20,27920,81970,2649,0.032316701232158,0.340612419177748,0.048395754544346,0.06035100286533,560,4,491,1414,34,950,8470,115,3045,4534,125,2580,3902,88,2072,818,11,439,43,0,22,9674,66,2240,987,35,460,27524,1019,6059,1935,32,223,983,11,485,2205,48,1192,78,1,50,611,3,158,13,1,9,2377,215,768,60,0,56,191,3,37,9591,586,3753,74,2,39,4426,237,2171,994,7,411,3,0,2,1,0,1,33,0,33,14,0,7,0,0,0,87,2,39,197,3,87,1,0,1,156,0,29,0,0,0,13,1,11,1,0,0,0,0,0,0,0,0,51401,106
16/05/20,30153,85710,2752,0.032108272080271005,0.35180259012950604,0.043635515109089,0.074055649520777,576,4,492,1454,34,959,8895,123,3518,4727,125,2677,4057,95,2165,818,11,439,43,0,22,10108,71,2599,1056,36,480,29100,1068,6564,1935,32,305,1013,11,513,2307,48,1252,82,1,51,672,3,166,13,1,9,2461,225,829,66,0,56,191,3,37,9931,606,4035,76,3,39,4595,239,2283,1018,7,438,3,0,2,1,0,1,33,0,33,15,0,7,0,0,0,90,2,41,203,3,87,1,0,1,156,0,42,0,0,0,13,1,11,1,0,0,0,0,0,0,0,0,52805,107
17/05/20,34109,90637,2872,0.031686838708254,0.376325341747851,0.054359698577844,0.115981119352664,587,4,495,1509,34,971,9333,129,3926,4960,126,2839,4258,104,2441,887,13,514,43,0,22,10585,74,3538,1092,36,496,30706,1135,7088,1946,32,1257,1121,12,542,2355,49,1353,88,1,51,737,3,196,13,1,9,2576,232,872,67,0,56,191,3,51,10988,625,4308,78,3,43,4789,243,2315,1179,7,453,7,0,2,1,0,1,33,0,33,17,0,7,0,0,0,92,2,41,217,3,113,1,0,1,167,0,64,0,0,0,13,1,11,1,0,0,0,0,0,0,0,0,53656,108
18/05/20,36824,95759,3029,0.031631491556929,0.384548710826136,0.053488444950344,0.073729089724093,601,4,497,1551,34,992,10054,160,4485,5202,131,2992,4259,104,2441,910,14,562,43,0,24,11224,78,4172,1147,37,509,33053,1198,7688,1964,35,1366,1183,13,575,2407,50,1456,92,1,52,828,4,220,13,1,9,2677,238,959,86,0,59,191,3,51,11379,659,4499,80,3,44,4977,248,2403,1262,8,475,7,0,2,1,0,1,33,0,33,29,0,7,0,0,0,101,2,41,223,3,113,1,0,1,167,0,85,0,0,0,13,1,11,1,0,0,0,0,0,0,0,0,55906,109
19/05/20,39174,100325,3163,0.031527535509594,0.390470969349614,0.045512085721406,0.059988768060448,630,4,497,1597,35,1000,10054,168,4485,5507,138,3218,4605,118,2783,928,14,598,43,0,41,11760,81,4406,1246,37,530,35058,1249,8437,1980,37,1547,1289,15,609,2474,50,1552,93,1,52,876,4,220,18,1,9,2825,244,1006,93,0,59,196,3,54,11745,694,4804,90,3,44,5236,252,2435,1391,9,494,7,0,2,1,0,1,33,0,33,38,0,7,0,0,0,107,2,41,223,3,113,1,0,1,167,0,85,0,0,0,13,1,11,1,0,0,0,0,0,0,0,0,57988,110
20/05/20,42298,106750,3303,0.030941451990632005,0.396234192037471,0.060187353629977014,0.07385691994893401,642,4,497,1634,38,1010,10554,168,4750,5845,143,3337,4926,123,2918,964,14,627,43,0,43,12448,84,4895,1397,40,544,37136,1325,9639,2002,38,1642,1317,17,653,2532,52,1621,111,1,52,978,5,277,18,1,9,2961,250,1074,101,0,59,200,3,57,12140,719,5043,92,3,47,5465,258,2630,1498,9,534,9,0,2,1,0,1,33,0,33,46,0,7,0,0,0,142,4,41,231,3,127,1,0,1,173,0,116,0,0,0,13,1,12,1,0,0,1096,0,0,0,0,0,61149,111
21/05/20,45300,112359,3435,0.030571649801084,0.40317197554268,0.049920344609689006,0.066269315673289,666,4,502,1661,40,1015,11088,176,5192,6015,147,3404,5175,127,3066,993,14,648,44,0,43,13191,87,5882,1462,41,556,39297,1390,10318,2005,38,1794,1390,18,678,2602,53,1640,122,1,53,1052,6,307,18,0,9,3103,253,1136,115,0,59,202,3,57,12537,749,5219,110,3,54,5735,267,2733,1674,10,571,25,0,2,1,0,1,33,0,33,50,0,7,0,0,0,170,4,48,231,3,127,1,0,1,173,0,133,0,0,0,14,1,12,1,0,0,1403,0,0,0,0,0,63624,112
22/05/20,48534,118447,3583,0.030249816373567995,0.409752885256697,0.051398515791873,0.066633700086537,690,4,510,1699,45,1035,11659,194,5567,6227,151,3485,5515,138,3204,1031,15,681,44,0,43,13967,94,6282,1605,41,571,41642,1454,11726,2028,39,1819,1449,20,684,2647,53,1709,146,1,54,1103,7,393,20,0,10,3197,259,1193,128,0,59,217,3,139,12905,773,5488,152,3,59,5981,270,2843,1982,11,593,25,0,2,1,0,1,33,0,33,52,0,7,0,0,0,203,4,54,290,3,129,1,0,1,173,0,148,0,0,0,14,1,12,1,0,0,1620,0,0,0,0,0,66330,113
23/05/20,51784,125101,3720,0.029735973333547,0.41393753846891707,0.053189023269199005,0.06276069828518499,732,4,512,1761,45,1043,12319,208,5897,6494,153,3680,5735,152,3238,1067,16,706,44,0,43,14753,98,7128,1743,41,597,44582,1517,12583,2029,39,1847,1489,20,720,2709,55,1763,153,1,56,1189,7,436,26,0,10,3332,265,1221,172,0,62,218,3,178,13268,802,5880,168,3,59,6170,272,3089,2177,11,629,26,0,2,1,0,1,33,0,33,54,0,16,0,0,0,259,4,54,308,3,136,1,0,1,175,0,152,0,0,0,14,1,12,1,0,0,1899,0,0,0,0,0,69597,114
24/05/20,54441,131868,3867,0.029324779324779,0.412844662844663,0.051316467983135,0.04880512848772098,795,4,515,1813,49,1065,12910,231,6267,6742,160,3786,6017,155,3406,1131,16,750,49,0,43,15512,103,7491,1959,42,608,47190,1577,13404,2045,39,1870,1569,21,774,2757,56,1809,244,2,56,1269,7,497,26,0,10,3459,269,1281,214,0,64,225,3,179,13664,829,6169,185,3,61,6371,281,3267,2380,11,653,29,0,4,1,0,1,33,0,33,55,0,16,0,0,0,329,4,55,350,4,141,1,0,1,189,0,153,0,0,0,14,1,12,2,0,0,2338,0,0,1,0,0,73560,115
25/05/20,57721,138845,4021,0.028960351471065,0.415722568331593,0.050250279088192,0.056825072330694,847,4,521,1854,53,1090,13418,261,6540,7028,163,3848,6268,161,3538,1184,16,765,52,0,43,16277,111,8324,2089,42,654,50231,1635,14600,2060,40,1898,1621,21,809,2823,56,1856,317,3,58,1336,7,550,41,0,12,3667,272,1339,252,0,67,238,3,186,14056,858,6412,203,3,63,6665,290,3408,2587,13,702,32,0,4,1,0,1,33,0,33,66,0,19,0,0,0,378,4,55,370,4,148,1,0,1,191,0,165,0,0,0,14,1,12,2,0,0,2642,0,0,1,0,0,77103,116
26/05/20,60491,145380,4167,0.02866281469253,0.4160888705461551,0.044951162470766,0.045791935990478,896,5,532,1920,56,1164,14053,276,6771,7300,167,3951,6532,165,3581,1184,16,765,52,0,43,17082,118,8731,2182,44,705,52667,1695,15786,2060,40,1898,1668,23,809,3110,56,1896,349,3,58,1438,7,649,41,0,12,3816,278,1414,291,0,72,238,3,186,14460,888,6636,223,5,67,6859,300,3571,2730,13,749,39,0,4,1,0,1,33,0,33,67,0,19,0,0,0,526,4,62,377,4,148,2,0,1,194,0,165,3,0,0,14,1,12,2,0,0,2970,0,0,1,0,0,80722,117
27/05/20,64426,151767,4337,0.028576699809577007,0.4245059861498221,0.0420842475637,0.061077825722534014,963,6,542,1991,57,1284,14465,288,7223,7536,170,4171,6548,170,3698,1305,17,824,53,0,43,17728,127,9342,2283,44,748,54758,1792,16954,2106,40,1918,1759,24,833,3171,57,2009,401,4,64,1517,7,733,46,0,12,4009,283,1486,361,0,79,266,4,187,14821,915,7139,247,5,67,7024,305,3689,2983,13,900,39,0,4,1,0,1,33,0,33,67,0,28,0,0,0,616,4,62,426,4,175,2,0,1,207,0,165,4,0,0,15,1,12,2,0,0,4013,0,0,1,0,0,83004,118
28/05/20,67692,158333,4531,0.028616902351373,0.42752932111436,0.04146956098855,0.048247946581575,1004,7,552,2098,63,1284,15257,303,7264,7703,173,4457,6991,182,3991,1381,18,838,53,0,43,18545,133,9909,2418,47,781,56948,1897,17918,2139,40,1918,1921,26,854,3171,58,2057,469,4,79,1593,7,733,46,0,12,4192,289,1578,369,0,83,279,4,187,15195,938,7549,273,5,70,7261,313,3927,3061,15,1083,44,0,4,1,0,1,33,0,33,68,0,37,0,0,0,781,4,87,448,4,185,2,0,1,230,0,165,4,0,0,20,1,12,2,0,0,4332,0,0,1,0,0,86110,119
29/05/20,71106,165799,4706,0.028383765885198,0.428868690402234,0.045030428410304,0.048012825921863,1088,7,555,2256,67,1345,16281,316,7495,8067,180,4817,7170,197,4215,1504,19,881,73,0,43,19372,145,10548,2533,47,834,59546,1982,18616,2158,40,1946,2036,27,859,3251,59,2125,500,4,79,1660,7,887,51,0,14,4536,295,1668,399,0,83,288,4,189,15562,960,8003,276,5,70,7453,321,4050,3296,15,1211,55,0,5,1,0,1,33,0,33,69,0,38,0,0,0,856,4,104,469,4,212,3,0,1,242,0,167,18,0,0,21,1,12,2,0,0,4673,0,0,1,0,0,89987,120
30/05/20,82370,173763,4971,0.028607931492896,0.474036474968779,0.045832542025633,0.13674881631662,1150,8,565,2425,71,1381,17386,398,7846,8365,184,5244,7284,198,4244,1721,19,940,74,0,43,20246,154,11313,2781,48,894,62228,2098,26997,2197,42,1949,2164,28,875,3436,60,2226,716,5,102,1723,7,887,51,0,14,4813,302,1775,415,1,100,289,4,189,15934,980,8611,295,5,87,7645,334,4269,3376,15,1211,59,0,8,1,0,1,33,0,33,69,0,41,0,0,0,1024,4,125,511,5,216,3,0,1,251,0,171,25,0,0,27,1,12,2,0,0,5043,0,0,1,0,0,86422,121
31/05/20,86984,182143,5164,0.028351350312667008,0.477558841130321,0.0460078070527,0.053044238020785985,1208,9,575,2499,77,1412,18549,416,8075,8617,193,5739,7445,201,4410,1923,20,971,74,0,43,21184,160,12000,2922,48,997,65168,2197,28081,2233,44,1967,2341,28,908,3569,60,2289,749,5,102,1819,7,1050,51,0,14,5130,309,1970,447,1,102,289,4,189,16343,1007,9230,313,5,111,7891,343,4444,3636,20,1618,62,0,8,1,0,1,33,0,33,70,0,41,0,0,0,1185,4,163,563,5,256,4,0,1,268,0,172,36,0,0,27,1,12,2,0,0,5491,0,0,1,0,0,89995,122
01/06/20,91819,190535,5394,0.028309759361797,0.48190096307765,0.044044401291100994,0.052657946612357,1269,9,590,2698,82,1428,19844,473,8478,8831,194,5927,7823,213,4709,2091,20,1048,74,0,43,22333,173,12757,3221,51,1218,67655,2286,29329,2263,45,1987,2446,28,927,3679,62,2349,907,5,102,1948,7,1126,70,0,25,5501,317,2157,498,1,115,293,4,199,16779,1038,9919,331,5,120,8089,350,4842,3815,21,1710,71,0,11,1,0,1,33,0,33,70,0,42,0,0,0,1272,4,185,610,5,256,4,0,1,313,0,173,43,0,0,27,1,12,2,0,0,5630,0,0,1,0,0,93322,123
02/06/20,95527,198706,5598,0.028172274616771,0.480745422886073,0.041121053214297015,0.038816250902886,1326,10,608,2792,88,1491,20834,523,8746,8980,198,6040,8075,217,4843,2356,21,1055,77,0,43,23495,184,13170,3408,52,1328,70013,2362,30108,2301,45,2000,2601,31,946,3783,64,2378,958,6,222,2104,7,1245,74,0,25,5772,325,2306,547,1,122,294,4,199,17200,1063,10780,340,5,122,8283,358,5003,3926,24,1900,83,0,11,1,0,1,33,0,33,71,0,42,0,0,0,1390,4,277,659,5,296,22,0,1,420,0,173,43,0,0,27,1,12,3,0,1,6414,0,0,1,0,0,97581,124
03/06/20,100303,207615,5815,0.028008573561641,0.483120198444236,0.042911157671652,0.047615724355204,1412,11,627,2891,92,1526,22132,556,9243,9373,203,6435,8361,222,5030,2652,23,1069,81,1,47,24586,197,13706,3796,52,1403,72300,2465,31333,2342,46,2017,2718,33,953,3898,64,2421,1043,7,252,2245,7,1325,82,0,25,6168,335,2410,564,1,130,301,5,214,17617,1092,11894,345,5,140,8420,364,5221,4155,24,1946,89,0,14,13,0,1,33,0,33,79,0,57,0,0,0,1513,4,324,712,5,320,22,0,1,468,0,173,49,0,0,27,1,12,4,0,1,7123,0,0,1,0,0,101497,125
04/06/20,104107,216919,6075,0.028005845499933,0.479934906578031,0.042891586260309,0.036539329728068,1494,11,651,3020,99,1556,23645,606,9542,9652,209,6744,8729,229,5176,2954,23,1089,90,1,48,25872,208,14316,4063,53,1514,74860,2587,32329,2376,47,2029,2857,34,1007,4080,68,2466,1085,8,282,2388,7,1416,82,0,25,6508,345,2580,668,2,188,301,5,214,18100,1122,12212,359,5,150,8588,371,5445,4390,25,2077,118,0,38,14,0,1,33,0,33,79,0,57,0,0,0,1672,4,413,752,5,321,38,0,1,468,0,173,58,0,0,33,1,13,8,0,1,7483,0,0,2,0,0,106737,126
05/06/20,109462,226770,6348,0.027993120783172003,0.48270053358028,0.04344049036468702,0.048921086769838,1588,14,690,3147,105,1587,25004,650,9898,9862,213,7104,9237,245,5439,3281,24,2134,90,1,48,27256,220,14902,4320,57,1610,77793,2710,33681,2415,47,2043,3142,35,1048,4223,71,2539,1153,10,297,2478,7,1416,82,0,25,6876,355,2768,756,2,213,301,5,214,18584,1155,12667,383,5,179,8762,377,5637,4493,29,2210,124,0,38,17,0,1,33,0,33,166,0,57,0,0,0,1988,4,442,793,6,354,42,0,1,644,0,173,80,0,0,33,1,13,12,0,1,7610,0,0,2,0,0,110960,127
